排名,关键词_1,趋势_1,关键词_2,趋势_2,关键词_3,趋势_3,关键词_4,趋势_4,关键词_5,趋势_5,关键词_6,趋势_6
1,悬赏通缉20名台湾黑客,→,悬赏通缉20名台湾黑客,→,悬赏通缉20名台湾黑客,→,悬赏通缉20名台湾黑客,→,悬赏通缉20名台湾黑客,→,悬赏通缉20名台湾黑客,→
2,长期喝咖啡的人后来都怎么样了,→,长期喝咖啡的人后来都怎么样了,→,长期喝咖啡的人后来都怎么样了,→,长期喝咖啡的人后来都怎么样了,→,长期喝咖啡的人后来都怎么样了,→,长期喝咖啡的人后来都怎么样了,→
3,台湾资通电军是个什么组织,→,台湾资通电军是个什么组织,→,台湾资通电军是个什么组织,→,台湾资通电军是个什么组织,→,台湾资通电军是个什么组织,→,台湾资通电军是个什么组织,→
4,男子被蛇咬后忍痛给小青蛇拍了照片,→,何秋亊 没EXO版权,↑1,NBA总决赛预言家,新上榜,Switch2首单玩家在京东,新上榜,爷爷不泡茶李昀锐来泡茶,新上榜,雷佳音高考传佳音,新上榜
5,何秋亊 没EXO版权,→,男子被蛇咬后忍痛给小青蛇拍了照片,↓1,王铮亮女儿两天拿了两个冠军,↑3,王铮亮女儿两天拿了两个冠军,→,王铮亮女儿两天拿了两个冠军,→,王铮亮女儿两天拿了两个冠军,→
6,女孩遭体罚去世3人涉嫌虐待罪被拘留,↑1,女孩遭体罚去世3人涉嫌虐待罪被拘留,→,何秋亊 没EXO版权,↓2,女孩遭体罚去世3人涉嫌虐待罪被拘留,↑2,女孩遭体罚去世3人涉嫌虐待罪被拘留,→,披荆斩棘5阵容,↑3
7,labubu医美,↑3,labubu医美,→,男子被蛇咬后忍痛给小青蛇拍了照片,↓2,何秋亊 没EXO版权,↓1,何秋亊 没EXO版权,→,女孩遭体罚去世3人涉嫌虐待罪被拘留,↓1
8,游客被咬伤身亡相关医生已被停职,↓2,王铮亮女儿两天拿了两个冠军,↑5,女孩遭体罚去世3人涉嫌虐待罪被拘留,↓2,游客被咬伤身亡相关医生已被停职,↑1,游客被咬伤身亡相关医生已被停职,→,校园公共事务的谣言应对小技巧,新上榜
9,鹿晗工作室失实讯息声明,↓1,警方回应砖厂疑用智障人员超负荷工作,新上榜,游客被咬伤身亡相关医生已被停职,↑4,labubu医美,↑1,披荆斩棘5阵容,↑35,何秋亊 没EXO版权,↓2
10,外交部回应美全面限制12国公民入境,↑23,外交部回应美全面限制12国公民入境,→,labubu医美,↓3,义乌女老板卖labubu娃衣3个月开3家店,↑5,labubu医美,↓1,游客被咬伤身亡相关医生已被停职,↓2
11,建议大家要远离恋爱式友情,→,鹿晗黄子韬代唱,↑3,警方回应砖厂疑用智障人员超负荷工作,↓2,警方回应砖厂疑用智障人员超负荷工作,→,台湾黑客学艺不精丢人现眼,新上榜,labubu医美,↓1
12,义乌女老板卖labubu娃衣3个月开3家店,↓3,建议大家要远离恋爱式友情,↓1,鹿晗黄子韬代唱,↓1,鹿晗黄子韬代唱,→,鹿晗黄子韬代唱,→,台湾黑客学艺不精丢人现眼,↓1
13,王铮亮女儿两天拿了两个冠军,↑12,游客被咬伤身亡相关医生已被停职,↓5,建议大家要远离恋爱式友情,↓1,建议大家要远离恋爱式友情,→,建议大家要远离恋爱式友情,→,鹿晗黄子韬代唱,↓1
14,鹿晗黄子韬代唱,↓1,义乌女老板卖labubu娃衣3个月开3家店,↓2,当韩国人第一次感受到西瓜自由,↑1,男子被蛇咬后忍痛给小青蛇拍了照片,↓7,当韩国人第一次感受到西瓜自由,↑8,建议大家要远离恋爱式友情,↓1
15,当韩国人第一次感受到西瓜自由,↓1,当韩国人第一次感受到西瓜自由,→,义乌女老板卖labubu娃衣3个月开3家店,↓1,何秋亊抄袭名单,↑3,权志龙点赞蔡徐坤舞台,↑2,当韩国人第一次感受到西瓜自由,↓1
16,何秋亊抄袭名单,↓4,何秋亊抄袭名单,→,44页加班截图成了讨薪关键证据,↑12,44页加班截图成了讨薪关键证据,→,何秋亊抄袭名单,↓1,杨幂 承认自己不完美不需要勇气,↑1
17,VOGUE直播,↓2,权志龙点赞蔡徐坤舞台,↑6,鹿晗工作室失实讯息声明,↑1,权志龙点赞蔡徐坤舞台,↑2,杨幂 承认自己不完美不需要勇气,↑8,女子欠款1700万法院悬赏170万寻人,↑2
18,杨幂说小糯米画画挺好,↓1,鹿晗工作室失实讯息声明,↓9,何秋亊抄袭名单,↓2,杨幂说小糯米画画挺好,↑2,肖战东拼西凑的新鲜,↑19,权志龙点赞蔡徐坤舞台,↓3
19,如何辨别医院是否夸大病情,新上榜,黄景瑜拒绝和黄明昊林一跳troublemaker,↑2,权志龙点赞蔡徐坤舞台,↓2,美政客批大而美法案是我们都得死法案,↑23,女子欠款1700万法院悬赏170万寻人,新上榜,种地吧,新上榜
20,DRG战胜LGDNBW,新上榜,如何辨别医院是否夸大病情,↓1,杨幂说小糯米画画挺好,↑2,为什么刚洗完澡容易招蚊子,↑8,美政客批大而美法案是我们都得死法案,↓1,40岁女子不染发养了16个月的白发,↑13
21,黄景瑜拒绝和黄明昊林一跳troublemaker,新上榜,女司机要水泡奶男收费员秒懂,↑1,景区指示牌被吐槽嘲讽感拉满,↑15,景区指示牌被吐槽嘲讽感拉满,→,为什么刚洗完澡容易招蚊子,↓1,杨幂说小糯米画画挺好,↑3
22,女司机要水泡奶男收费员秒懂,↓1,杨幂说小糯米画画挺好,↓4,21岁女子抗癌2年后发现误诊,新上榜,当韩国人第一次感受到西瓜自由,↓8,21岁女子抗癌2年后发现误诊,↑1,为什么刚洗完澡容易招蚊子,↓1
23,权志龙点赞蔡徐坤舞台,↓7,40岁女子不染发养了16个月的白发,↑1,女司机要水泡奶男收费员秒懂,↓2,21岁女子抗癌2年后发现误诊,↓1,女司机要水泡奶男收费员秒懂,↑1,21岁女子抗癌2年后发现误诊,↓1
24,40岁女子不染发养了16个月的白发,↓1,VOGUE直播,↓7,40岁女子不染发养了16个月的白发,↓1,女司机要水泡奶男收费员秒懂,↓1,杨幂说小糯米画画挺好,↓6,女司机要水泡奶男收费员秒懂,↓1
25,男子玩密室对女鬼NPC摸腿搂腰,↓3,歌手歌单,↑1,杨幂 承认自己不完美不需要勇气,↑25,杨幂 承认自己不完美不需要勇气,→,洪啸回应马嘉祺上歌手,↑14,何秋亊抄袭名单,↓9
26,歌手歌单,↓2,饶雪漫人生第一次陷入选角漩涡,↑2,歌手歌单,↓1,北大学霸称高考难题要用精神胜利法,↑14,鹿晗工作室失实讯息声明,↑6,洪啸回应马嘉祺上歌手,↓1
27,华为手表首发AI手势操控,↑1,男子玩密室对女鬼NPC摸腿搂腰,↓2,外交部回应美全面限制12国公民入境,↓17,揉耳朵可以缓解考前焦虑吗,↑4,被蛇咬伤如何快速处理,新上榜,歌手歌单,↑10
28,饶雪漫人生第一次陷入选角漩涡,↑3,44页加班截图成了讨薪关键证据,新上榜,为什么刚洗完澡容易招蚊子,新上榜,胡兵说60岁要成为亚洲最时髦老头,↑2,北大学霸称高考难题要用精神胜利法,↓2,无畏是青春的代名词,新上榜
29,爆发而出的彩带是高考祝福,↑1,胡兵说60岁要成为亚洲最时髦老头,新上榜,女子被蛇咬身亡致命时间线,新上榜,女子被蛇咬身亡致命时间线,→,女子被蛇咬身亡致命时间线,→,被蛇咬伤如何快速处理,↓2
30,凉鞋增塑剂超标有哪些危害,↓1,揉耳朵可以缓解考前焦虑吗,新上榜,胡兵说60岁要成为亚洲最时髦老头,↓1,李在明首次主持国务会议遇冷后发火,新上榜,李在明首次主持国务会议遇冷后发火,→,女子被蛇咬身亡致命时间线,↓1
31,康方生物确认患者使用公司临床药物,↓12,康方生物确认患者使用公司临床药物,→,揉耳朵可以缓解考前焦虑吗,↓1,Labubu粉丝花20万买货,新上榜,Labubu粉丝花20万买货,→,李在明首次主持国务会议遇冷后发火,↓1
32,易烊千玺酱园弄杀青照,↓6,易烊千玺酱园弄杀青照,→,男子玩密室对女鬼NPC摸腿搂腰,↓5,鹿晗工作室失实讯息声明,↓15,义乌女老板卖labubu娃衣3个月开3家店,↓22,Labubu粉丝花20万买货,↓1
33,差点没认出章子怡,↓15,华为手表首发AI手势操控,↓6,洪啸回应马嘉祺上歌手,↑4,外交部回应美全面限制12国公民入境,↓6,40岁女子不染发养了16个月的白发,↑2,肖战东拼西凑的新鲜,↓15
34,成毅新剧1V12,↓2,差点没认出章子怡,↓1,VOGUE直播,↓10,李在明首次主持国务会议场面尴尬,新上榜,李在明首次主持国务会议场面尴尬,→,美政客批大而美法案是我们都得死法案,↓14
35,华为将发布全球首款5G智能手表,↓1,成毅新剧1V12,↓1,易烊千玺酱园弄杀青照,↓3,40岁女子不染发养了16个月的白发,↓11,SM评论区大批网友请愿起诉何秋亊,↑6,李在明首次主持国务会议场面尴尬,↓1
36,太湖三傻,↑1,景区指示牌被吐槽嘲讽感拉满,新上榜,成毅新剧1V12,↓1,歌手歌单,↓10,外交部回应美全面限制12国公民入境,↓3,季德胜蛇药,↑8
37,马嘉祺歌手第四期选曲,↑6,洪啸回应马嘉祺上歌手,↑7,太湖三傻,↑1,肖战东拼西凑的新鲜,新上榜,歌手歌单,↓1,SM评论区大批网友请愿起诉何秋亊,↓2
38,高考加油,↑1,太湖三傻,↓2,差点没认出章子怡,↓4,严浩翔卷毛玫瑰衬衫,↑11,太湖三傻,↑9,鹿晗工作室失实讯息声明,↓12
39,范玮琪歌手补位,↑3,老人被五步蛇咬伤打16支血清脱险,↑2,饶雪漫人生第一次陷入选角漩涡,↓13,洪啸回应马嘉祺上歌手,↓6,萧逸柠檬糖,↑4,义乌女老板卖labubu娃衣3个月开3家店,↓7
40,女子在长沙一桔子酒店吃出蒸熟蟑螂,↑8,范玮琪歌手补位,↓1,北大学霸称高考难题要用精神胜利法,新上榜,在飞机断电的情况下夜间迫降,新上榜,在飞机断电的情况下夜间迫降,→,临江仙预告,新上榜
41,老人被五步蛇咬伤打16支血清脱险,↑4,华为将发布全球首款5G智能手表,↓6,波司登飞跃珠峰的24分钟,↑1,SM评论区大批网友请愿起诉何秋亊,新上榜,高考加油,↑9,在飞机断电的情况下夜间迫降,↓1
42,波司登飞跃珠峰的24分钟,↑2,波司登飞跃珠峰的24分钟,→,美政客批大而美法案是我们都得死法案,新上榜,波司登飞跃珠峰的24分钟,↓1,易烊千玺酱园弄杀青照,↑4,太湖三傻,↓4
43,叶童曾担心参加浪姐会砸了饭碗,↓7,高考加油,↓5,萧逸柠檬糖,↑3,萧逸柠檬糖,→,44页加班截图成了讨薪关键证据,↓27,刘耀文张哥请给出你的答案吧,新上榜
44,洪啸回应马嘉祺上歌手,新上榜,徐艺洋给黄子韬打电话哭了,↑1,高考加油,↓1,披荆斩棘5阵容,新上榜,季德胜蛇药,新上榜,400块的鞋犹豫了三年,新上榜
45,徐艺洋给黄子韬打电话哭了,新上榜,女子在长沙一桔子酒店吃出蒸熟蟑螂,↓5,黄景瑜拒绝和黄明昊林一跳troublemaker,↓26,成毅新剧1V12,↓9,景区指示牌被吐槽嘲讽感拉满,↓24,北大学霸称高考难题要用精神胜利法,↓17
46,备考期间该如何科学饮食,↓26,萧逸柠檬糖,新上榜,范玮琪歌手补位,↓6,易烊千玺酱园弄杀青照,↓11,成毅新剧1V12,↓1,高考加油,↓5
47,雷军回应做路测,新上榜,王安宇新剧纯爱式强攻上头,新上榜,谁是南哥,新上榜,太湖三傻,↓10,饶雪漫人生第一次陷入选角漩涡,新上榜,易烊千玺酱园弄杀青照,↓5
48,老铺黄金大跌近10%,新上榜,马嘉祺歌手第四期选曲,↓11,徐艺洋给黄子韬打电话哭了,↓4,男子玩密室对女鬼NPC摸腿搂腰,↓16,差点没认出章子怡,↑1,江苏景区预订暴涨超300%,新上榜
49,秦始皇陵没有被盗的真正原因,↓14,爆发而出的彩带是高考祝福,↓20,严浩翔卷毛玫瑰衬衫,新上榜,差点没认出章子怡,↓11,男子玩密室对女鬼NPC摸腿搂腰,↓1,成毅新剧1V12,↓3
50,外交部回应稀土出口管制措施,新上榜,杨幂 承认自己不完美不需要勇气,新上榜,如何辨别医院是否夸大病情,↓30,高考加油,↓6,严浩翔卷毛玫瑰衬衫,↓12,饶雪漫人生第一次陷入选角漩涡,↓3
